Date,actual_24h,pred_24h,actual_48h,pred_48h
2020-03-07,122.0,110.22191,121.0,113.25946
2020-03-08,121.0,124.23089,128.0,126.04875
2020-03-09,128.0,122.62576,88.0,123.11449
2020-03-10,88.0,128.75627,80.0,128.119
2020-03-11,80.0,90.26157,84.0,93.91288
2020-03-12,84.0,83.54855,117.0,88.68428
2020-03-13,117.0,88.18968,143.0,92.961205
2020-03-14,143.0,120.20371,154.0,122.98982
2020-03-15,154.0,143.71043,191.0,140.76164
2020-03-16,191.0,151.54579,167.0,143.94768
2020-03-17,167.0,183.20921,113.0,170.4631
2020-03-18,113.0,158.5815,91.0,151.5951
2020-03-19,91.0,110.52651,82.0,114.45726
2020-03-20,82.0,94.084274,67.0,102.856636
2020-03-21,67.0,87.56896,66.0,97.25851
2020-03-22,66.0,73.46535,86.0,83.3219
2020-03-23,86.0,72.678185,91.0,81.60687
2020-03-24,91.0,92.045654,71.0,98.32795
2020-03-25,71.0,96.11267,70.0,101.11721
2020-03-26,70.0,76.03623,78.0,81.26308
2020-03-27,78.0,75.05055,78.0,80.41652
2020-03-28,78.0,82.82414,77.0,87.98482
2020-03-29,77.0,82.64208,69.0,88.00492
2020-03-30,69.0,81.64184,63.0,87.0766
2020-03-31,63.0,73.813,78.0,79.18245
2020-04-01,78.0,67.45728,85.0,72.04415
2020-04-02,85.0,81.74946,83.0,85.00814
2020-04-03,83.0,87.93529,78.0,90.02313
2020-04-04,78.0,85.45638,67.0,87.0586
2020-04-05,67.0,80.299194,62.0,81.78685
2020-04-06,62.0,69.448944,93.0,71.84177
2020-04-07,93.0,64.63605,95.0,66.72641
2020-04-08,95.0,94.7149,87.0,95.116104
2020-04-09,87.0,95.919815,81.0,95.39812
2020-04-10,81.0,87.72612,86.0,87.44786
2020-04-11,86.0,81.86039,79.0,81.7809
2020-04-12,79.0,86.77487,87.0,86.71238
2020-04-13,87.0,79.99209,85.0,80.40925
2020-04-14,85.0,87.880905,75.0,88.118774
2020-04-15,75.0,85.905785,73.0,86.49349
2020-04-16,73.0,76.32909,70.0,77.95023
2020-04-17,70.0,74.68893,74.0,76.83665
2020-04-18,74.0,71.95374,82.0,74.4951
2020-04-19,82.0,76.002914,76.0,78.42197
2020-04-20,76.0,83.72443,61.0,85.20156
2020-04-21,61.0,77.69773,67.0,79.8739
2020-04-22,67.0,63.11974,58.0,66.002914
2020-04-23,58.0,69.080185,57.0,72.03499
2020-04-24,57.0,60.159477,63.0,63.350494
2020-04-25,63.0,59.12486,60.0,62.69507
2020-04-26,60.0,64.971855,60.0,68.46084
2020-04-27,60.0,61.847023,77.0,65.42476
2020-04-28,77.0,61.871693,68.0,65.39388
2020-04-29,68.0,78.44255,61.0,81.43014
2020-04-30,61.0,69.37172,53.0,72.22945
2020-05-01,53.0,62.051735,53.0,64.30765
2020-05-02,53.0,54.046917,47.0,56.30374
2020-05-03,47.0,53.975117,51.0,56.29902
2020-05-04,51.0,48.041363,61.0,50.43505
2020-05-05,61.0,52.03477,65.0,54.285988
2020-05-06,65.0,61.73204,69.0,63.56774
2020-05-07,69.0,65.222374,67.0,66.77934
2020-05-08,67.0,68.84386,70.0,69.78212
2020-05-09,70.0,66.7889,75.0,67.40351
2020-05-10,75.0,69.76021,81.0,70.26486
2020-05-11,81.0,74.71619,74.0,74.78192
2020-05-12,74.0,80.72523,65.0,80.54769
2020-05-13,65.0,73.70568,70.0,73.58614
2020-05-14,70.0,64.86118,79.0,65.11246
2020-05-15,79.0,69.84919,119.0,70.042694
2020-05-16,119.0,78.61829,86.0,77.10888
2020-05-17,86.0,117.149536,74.0,113.6576
2020-05-18,74.0,84.39365,66.0,82.20998
2020-05-19,66.0,72.955574,57.0,72.1273
2020-05-20,57.0,65.50237,51.0,65.87727
2020-05-21,51.0,57.10143,55.0,58.19691
2020-05-22,55.0,51.540462,55.0,53.106335
2020-05-23,55.0,55.754448,54.0,57.278057
2020-05-24,54.0,55.82866,57.0,57.510586
2020-05-25,57.0,54.947388,59.0,56.57532
2020-05-26,59.0,57.9365,56.0,59.33202
2020-05-27,56.0,59.94397,50.0,61.33933
2020-05-28,50.0,57.019924,49.0,58.45602
2020-05-29,49.0,51.072807,53.0,52.94228
2020-05-30,53.0,50.22005,48.0,52.079823
2020-05-31,48.0,54.17293,52.0,56.025978
2020-06-01,52.0,49.09216,50.0,50.095768
2020-06-02,50.0,52.979538,48.0,53.449368
2020-06-03,48.0,50.84583,66.0,51.806164
2020-06-04,66.0,48.91572,46.0,49.44794
2020-06-05,46.0,66.37033,49.0,66.880005
2020-06-06,49.0,46.515503,50.0,47.354263
2020-06-07,50.0,49.5485,47.0,50.384888
2020-06-08,47.0,50.49167,48.0,51.548557
2020-06-09,48.0,47.50935,48.0,48.656765
2020-06-10,48.0,48.465317,52.0,49.512253
2020-06-11,52.0,48.378227,54.0,49.472927
2020-06-12,54.0,52.277794,51.0,53.269093
2020-06-13,51.0,54.17609,49.0,55.099712
2020-06-14,49.0,51.28432,54.0,52.18384
2020-06-15,54.0,49.348305,46.0,50.26569
2020-06-16,46.0,54.28042,50.0,55.28779
2020-06-17,50.0,46.39396,58.0,47.56164
2020-06-18,58.0,50.42615,61.0,51.54868
2020-06-19,61.0,58.330338,55.0,58.778
2020-06-20,55.0,61.09062,51.0,61.159237
2020-06-21,51.0,55.024178,59.0,55.258144
2020-06-22,59.0,51.212395,55.0,51.339832
2020-06-23,55.0,59.252758,59.0,59.445896
2020-06-24,59.0,55.405613,57.0,55.766823
2020-06-25,57.0,59.42346,64.0,59.54443
2020-06-26,64.0,57.33113,64.0,57.24129
2020-06-27,64.0,64.02736,54.0,63.32068
2020-06-28,54.0,63.76913,54.0,63.20139
2020-06-29,54.0,53.822514,53.0,53.926678
